{"_version":"1.6.0","_beatsPerMinute":124,"_beatsPerBar":16,"_noteJumpSpeed":12,"_noteJumpStartBeatOffset":0,"_shuffle":0,"_shufflePeriod":0.5,"_warnings":[],"_information":[],"_suggestions":[],"_requirements":[],"_events":[],"_notes":[{"_time":10,"_lineIndex":1,"_lineLayer":0,"_type":0,"_cutDirection":1},{"_time":11,"_lineIndex":1,"_lineLayer":0,"_type":0,"_cutDirection":1},{"_time":12,"_lineIndex":1,"_lineLayer":0,"_type":0,"_cutDirection":1},{"_time":13,"_lineIndex":1,"_lineLayer":0,"_type":0,"_cutDirection":1},{"_time":14,"_lineIndex":1,"_lineLayer":0,"_type":0,"_cutDirection":1},{"_time":15,"_lineIndex":1,"_lineLayer":0,"_type":0,"_cutDirection":1},{"_time":16,"_lineIndex":1,"_lineLayer":0,"_type":0,"_cutDirection":1},{"_time":17,"_lineIndex":1,"_lineLayer":0,"_type":0,"_cutDirection":1},{"_time":18,"_lineIndex":1,"_lineLayer":0,"_type":0,"_cutDirection":1},{"_time":19,"_lineIndex":1,"_lineLayer":0,"_type":0,"_cutDirection":1},{"_time":20,"_lineIndex":1,"_lineLayer":0,"_type":0,"_cutDirection":1},{"_time":21,"_lineIndex":1,"_lineLayer":0,"_type":0,"_cutDirection":1}],"_obstacles":[],"_time":2,"_BPMChanges":[],"_bookmarks":[]}