{"_version":"1.6.0","_beatsPerMinute":124,"_beatsPerBar":16,"_noteJumpSpeed":12,"_noteJumpStartBeatOffset":0,"_shuffle":0,"_shufflePeriod":0.5,"_warnings":[],"_information":[],"_suggestions":[],"_requirements":[],"_events":[],"_notes":[{"_time":10.413332939147949,"_lineIndex":2,"_lineLayer":0,"_type":1,"_cutDirection":1},{"_time":11.913332939147949,"_lineIndex":2,"_lineLayer":0,"_type":1,"_cutDirection":0},{"_time":12.413332939147949,"_lineIndex":2,"_lineLayer":0,"_type":1,"_cutDirection":1},{"_time":12.913332939147949,"_lineIndex":2,"_lineLayer":0,"_type":1,"_cutDirection":0},{"_time":13.413332939147949,"_lineIndex":3,"_lineLayer":0,"_type":1,"_cutDirection":1},{"_time":13.913332939147949,"_lineIndex":2,"_lineLayer":0,"_type":1,"_cutDirection":0},{"_time":14.413332939147949,"_lineIndex":1,"_lineLayer":1,"_type":1,"_cutDirection":2},{"_time":15.163332939147949,"_lineIndex":3,"_lineLayer":1,"_type":1,"_cutDirection":3},{"_time":15.913332939147949,"_lineIndex":2,"_lineLayer":0,"_type":1,"_cutDirection":6},{"_time":16.413333892822266,"_lineIndex":3,"_lineLayer":1,"_type":1,"_cutDirection":0},{"_time":18.413333892822266,"_lineIndex":1,"_lineLayer":0,"_type":0,"_cutDirection":1},{"_time":19.913333892822266,"_lineIndex":1,"_lineLayer":0,"_type":0,"_cutDirection":0},{"_time":20.413333892822266,"_lineIndex":1,"_lineLayer":0,"_type":0,"_cutDirection":1},{"_time":20.913333892822266,"_lineIndex":1,"_lineLayer":0,"_type":0,"_cutDirection":0},{"_time":21.413333892822266,"_lineIndex":0,"_lineLayer":0,"_type":0,"_cutDirection":1},{"_time":21.913333892822266,"_lineIndex":1,"_lineLayer":0,"_type":0,"_cutDirection":0},{"_time":22.413333892822266,"_lineIndex":2,"_lineLayer":1,"_type":0,"_cutDirection":3},{"_time":23.163333892822266,"_lineIndex":0,"_lineLayer":1,"_type":0,"_cutDirection":2},{"_time":23.913333892822266,"_lineIndex":1,"_lineLayer":0,"_type":0,"_cutDirection":7},{"_time":24.413333892822266,"_lineIndex":0,"_lineLayer":1,"_type":0,"_cutDirection":0},{"_time":25.413333892822266,"_lineIndex":0,"_lineLayer":0,"_type":0,"_cutDirection":1},{"_time":26.413333892822266,"_lineIndex":1,"_lineLayer":0,"_type":0,"_cutDirection":0},{"_time":26.413333892822266,"_lineIndex":2,"_lineLayer":0,"_type":1,"_cutDirection":1},{"_time":27.913333892822266,"_lineIndex":2,"_lineLayer":0,"_type":1,"_cutDirection":0},{"_time":28.413333892822266,"_lineIndex":1,"_lineLayer":0,"_type":0,"_cutDirection":1},{"_time":28.913333892822266,"_lineIndex":1,"_lineLayer":0,"_type":0,"_cutDirection":0},{"_time":29.413333892822266,"_lineIndex":2,"_lineLayer":0,"_type":1,"_cutDirection":1},{"_time":29.913333892822266,"_lineIndex":3,"_lineLayer":1,"_type":1,"_cutDirection":0},{"_time":30.413333892822266,"_lineIndex":1,"_lineLayer":0,"_type":0,"_cutDirection":1},{"_time":31.163333892822266,"_lineIndex":0,"_lineLayer":0,"_type":0,"_cutDirection":0},{"_time":31.913333892822266,"_lineIndex":1,"_lineLayer":0,"_type":0,"_cutDirection":1},{"_time":32.413333892822266,"_lineIndex":1,"_lineLayer":0,"_type":0,"_cutDirection":0},{"_time":32.413333892822266,"_lineIndex":2,"_lineLayer":0,"_type":1,"_cutDirection":1},{"_time":33.413333892822266,"_lineIndex":3,"_lineLayer":2,"_type":1,"_cutDirection":8},{"_time":34.413333892822266,"_lineIndex":3,"_lineLayer":0,"_type":0,"_cutDirection":3},{"_time":34.413333892822266,"_lineIndex":3,"_lineLayer":1,"_type":1,"_cutDirection":3},{"_time":35.913333892822266,"_lineIndex":1,"_lineLayer":0,"_type":0,"_cutDirection":1},{"_time":36.663333892822266,"_lineIndex":1,"_lineLayer":0,"_type":0,"_cutDirection":0}],"_obstacles":[],"_time":20,"_BPMChanges":[],"_bookmarks":[]}