{"_version":"1.6.0","_beatsPerMinute":124,"_beatsPerBar":16,"_noteJumpSpeed":12,"_noteJumpStartBeatOffset":0,"_shuffle":0,"_shufflePeriod":0.5,"_warnings":[],"_information":[],"_suggestions":[],"_requirements":[],"_events":[],"_notes":[{"_time":10.434000015258789,"_lineIndex":1,"_lineLayer":0,"_type":0,"_cutDirection":1},{"_time":11.434000015258789,"_lineIndex":1,"_lineLayer":0,"_type":0,"_cutDirection":1},{"_time":12.434000015258789,"_lineIndex":1,"_lineLayer":0,"_type":0,"_cutDirection":1},{"_time":13.434000015258789,"_lineIndex":1,"_lineLayer":0,"_type":0,"_cutDirection":1},{"_time":14.434000015258789,"_lineIndex":1,"_lineLayer":0,"_type":0,"_cutDirection":1},{"_time":15.434000015258789,"_lineIndex":1,"_lineLayer":0,"_type":0,"_cutDirection":1},{"_time":16.434000015258789,"_lineIndex":1,"_lineLayer":0,"_type":0,"_cutDirection":1},{"_time":17.434000015258789,"_lineIndex":1,"_lineLayer":0,"_type":0,"_cutDirection":1},{"_time":18.434000015258789,"_lineIndex":1,"_lineLayer":0,"_type":0,"_cutDirection":1},{"_time":19.434000015258789,"_lineIndex":1,"_lineLayer":0,"_type":0,"_cutDirection":1},{"_time":20.434000015258789,"_lineIndex":1,"_lineLayer":0,"_type":0,"_cutDirection":1},{"_time":21.434000015258789,"_lineIndex":1,"_lineLayer":0,"_type":0,"_cutDirection":1}],"_obstacles":[],"_time":3,"_BPMChanges":[],"_bookmarks":[]}