{"_version":"1.6.0","_beatsPerMinute":124,"_beatsPerBar":16,"_noteJumpSpeed":12,"_noteJumpStartBeatOffset":0,"_shuffle":0,"_shufflePeriod":0.5,"_warnings":[],"_information":[],"_suggestions":[],"_requirements":[],"_events":[],"_notes":[{"_time":10.413332939147949,"_lineIndex":2,"_lineLayer":0,"_type":1,"_cutDirection":1},{"_time":11.913332939147949,"_lineIndex":2,"_lineLayer":0,"_type":1,"_cutDirection":0},{"_time":12.413332939147949,"_lineIndex":2,"_lineLayer":0,"_type":1,"_cutDirection":1},{"_time":12.913332939147949,"_lineIndex":2,"_lineLayer":0,"_type":1,"_cutDirection":0},{"_time":13.413332939147949,"_lineIndex":3,"_lineLayer":0,"_type":1,"_cutDirection":1},{"_time":13.913332939147949,"_lineIndex":2,"_lineLayer":0,"_type":1,"_cutDirection":0},{"_time":14.413332939147949,"_lineIndex":1,"_lineLayer":1,"_type":1,"_cutDirection":2},{"_time":14.913332939147949,"_lineIndex":3,"_lineLayer":1,"_type":1,"_cutDirection":3},{"_time":15.163332939147949,"_lineIndex":3,"_lineLayer":1,"_type":1,"_cutDirection":3},{"_time":15.413332939147949,"_lineIndex":3,"_lineLayer":1,"_type":1,"_cutDirection":3}],"_obstacles":[],"_time":7,"_BPMChanges":[],"_bookmarks":[]}