{"_version":"1.6.0","_beatsPerMinute":124,"_beatsPerBar":16,"_noteJumpSpeed":12,"_noteJumpStartBeatOffset":0,"_shuffle":0,"_shufflePeriod":0.5,"_warnings":[],"_information":[],"_suggestions":[],"_requirements":[],"_events":[],"_notes":[{"_time":10.413332939147949,"_lineIndex":2,"_lineLayer":0,"_type":1,"_cutDirection":1},{"_time":11.913332939147949,"_lineIndex":2,"_lineLayer":0,"_type":1,"_cutDirection":0},{"_time":12.413332939147949,"_lineIndex":2,"_lineLayer":0,"_type":1,"_cutDirection":1},{"_time":12.913332939147949,"_lineIndex":2,"_lineLayer":0,"_type":1,"_cutDirection":0},{"_time":13.413332939147949,"_lineIndex":3,"_lineLayer":0,"_type":1,"_cutDirection":1},{"_time":13.913332939147949,"_lineIndex":2,"_lineLayer":0,"_type":1,"_cutDirection":0},{"_time":14.413332939147949,"_lineIndex":1,"_lineLayer":1,"_type":1,"_cutDirection":2},{"_time":15.163332939147949,"_lineIndex":3,"_lineLayer":1,"_type":1,"_cutDirection":3},{"_time":15.913332939147949,"_lineIndex":2,"_lineLayer":0,"_type":1,"_cutDirection":6},{"_time":16.413333892822266,"_lineIndex":3,"_lineLayer":1,"_type":1,"_cutDirection":0},{"_time":18.413333892822266,"_lineIndex":1,"_lineLayer":0,"_type":0,"_cutDirection":1},{"_time":19.913333892822266,"_lineIndex":1,"_lineLayer":0,"_type":0,"_cutDirection":0},{"_time":20.413333892822266,"_lineIndex":1,"_lineLayer":0,"_type":0,"_cutDirection":1},{"_time":20.913333892822266,"_lineIndex":1,"_lineLayer":0,"_type":0,"_cutDirection":0},{"_time":21.413333892822266,"_lineIndex":0,"_lineLayer":0,"_type":0,"_cutDirection":1},{"_time":21.913333892822266,"_lineIndex":1,"_lineLayer":0,"_type":0,"_cutDirection":0},{"_time":22.413333892822266,"_lineIndex":2,"_lineLayer":1,"_type":0,"_cutDirection":3},{"_time":23.163333892822266,"_lineIndex":0,"_lineLayer":1,"_type":0,"_cutDirection":2},{"_time":23.913333892822266,"_lineIndex":1,"_lineLayer":0,"_type":0,"_cutDirection":7},{"_time":24.413333892822266,"_lineIndex":0,"_lineLayer":1,"_type":0,"_cutDirection":0},{"_time":25.413333892822266,"_lineIndex":0,"_lineLayer":0,"_type":0,"_cutDirection":1},{"_time":26.413333892822266,"_lineIndex":1,"_lineLayer":0,"_type":0,"_cutDirection":0},{"_time":26.413333892822266,"_lineIndex":2,"_lineLayer":0,"_type":1,"_cutDirection":1},{"_time":27.913333892822266,"_lineIndex":2,"_lineLayer":0,"_type":1,"_cutDirection":0},{"_time":28.413333892822266,"_lineIndex":1,"_lineLayer":0,"_type":0,"_cutDirection":1},{"_time":28.913333892822266,"_lineIndex":1,"_lineLayer":0,"_type":0,"_cutDirection":0},{"_time":29.413333892822266,"_lineIndex":2,"_lineLayer":0,"_type":1,"_cutDirection":1},{"_time":29.913333892822266,"_lineIndex":3,"_lineLayer":1,"_type":1,"_cutDirection":0},{"_time":30.413333892822266,"_lineIndex":1,"_lineLayer":0,"_type":0,"_cutDirection":1},{"_time":31.163333892822266,"_lineIndex":0,"_lineLayer":0,"_type":0,"_cutDirection":0},{"_time":31.913333892822266,"_lineIndex":1,"_lineLayer":0,"_type":0,"_cutDirection":1},{"_time":32.413333892822266,"_lineIndex":1,"_lineLayer":0,"_type":0,"_cutDirection":0},{"_time":32.413333892822266,"_lineIndex":2,"_lineLayer":0,"_type":1,"_cutDirection":1},{"_time":33.413333892822266,"_lineIndex":3,"_lineLayer":2,"_type":1,"_cutDirection":8},{"_time":34.413333892822266,"_lineIndex":3,"_lineLayer":0,"_type":0,"_cutDirection":3},{"_time":34.413333892822266,"_lineIndex":3,"_lineLayer":1,"_type":1,"_cutDirection":3},{"_time":35.413333892822266,"_lineIndex":3,"_lineLayer":2,"_type":1,"_cutDirection":8},{"_time":35.913333892822266,"_lineIndex":1,"_lineLayer":0,"_type":0,"_cutDirection":1},{"_time":36.413333892822266,"_lineIndex":1,"_lineLayer":0,"_type":0,"_cutDirection":0},{"_time":36.913333892822266,"_lineIndex":0,"_lineLayer":0,"_type":0,"_cutDirection":6},{"_time":37.413333892822266,"_lineIndex":0,"_lineLayer":0,"_type":0,"_cutDirection":5},{"_time":37.913333892822266,"_lineIndex":1,"_lineLayer":0,"_type":0,"_cutDirection":1},{"_time":38.413333892822266,"_lineIndex":1,"_lineLayer":2,"_type":0,"_cutDirection":0},{"_time":38.413333892822266,"_lineIndex":2,"_lineLayer":2,"_type":1,"_cutDirection":0},{"_time":39.163333892822266,"_lineIndex":1,"_lineLayer":0,"_type":0,"_cutDirection":1},{"_time":39.163333892822266,"_lineIndex":2,"_lineLayer":0,"_type":1,"_cutDirection":1},{"_time":39.913333892822266,"_lineIndex":0,"_lineLayer":0,"_type":1,"_cutDirection":2},{"_time":39.913333892822266,"_lineIndex":0,"_lineLayer":1,"_type":0,"_cutDirection":2},{"_time":40.413333892822266,"_lineIndex":2,"_lineLayer":0,"_type":0,"_cutDirection":3},{"_time":40.413333892822266,"_lineIndex":2,"_lineLayer":1,"_type":1,"_cutDirection":3},{"_time":41.413333892822266,"_lineIndex":1,"_lineLayer":2,"_type":0,"_cutDirection":8},{"_time":41.413333892822266,"_lineIndex":2,"_lineLayer":2,"_type":1,"_cutDirection":8},{"_time":42.413333892822266,"_lineIndex":1,"_lineLayer":0,"_type":0,"_cutDirection":1},{"_time":42.413333892822266,"_lineIndex":2,"_lineLayer":0,"_type":1,"_cutDirection":1},{"_time":43.913333892822266,"_lineIndex":1,"_lineLayer":0,"_type":1,"_cutDirection":0},{"_time":43.913333892822266,"_lineIndex":2,"_lineLayer":0,"_type":0,"_cutDirection":0},{"_time":44.413333892822266,"_lineIndex":1,"_lineLayer":0,"_type":1,"_cutDirection":1},{"_time":44.413333892822266,"_lineIndex":2,"_lineLayer":0,"_type":0,"_cutDirection":1},{"_time":44.913333892822266,"_lineIndex":1,"_lineLayer":0,"_type":1,"_cutDirection":0},{"_time":44.913333892822266,"_lineIndex":2,"_lineLayer":0,"_type":0,"_cutDirection":0},{"_time":45.413333892822266,"_lineIndex":2,"_lineLayer":2,"_type":1,"_cutDirection":8},{"_time":45.913333892822266,"_lineIndex":1,"_lineLayer":2,"_type":0,"_cutDirection":8},{"_time":46.413333892822266,"_lineIndex":2,"_lineLayer":0,"_type":1,"_cutDirection":7},{"_time":47.163333892822266,"_lineIndex":2,"_lineLayer":0,"_type":1,"_cutDirection":4},{"_time":47.913333892822266,"_lineIndex":2,"_lineLayer":0,"_type":1,"_cutDirection":7},{"_time":48.413333892822266,"_lineIndex":3,"_lineLayer":2,"_type":1,"_cutDirection":0},{"_time":49.413333892822266,"_lineIndex":1,"_lineLayer":2,"_type":0,"_cutDirection":8},{"_time":50.413333892822266,"_lineIndex":1,"_lineLayer":0,"_type":0,"_cutDirection":1},{"_time":51.913333892822266,"_lineIndex":2,"_lineLayer":0,"_type":1,"_cutDirection":0},{"_time":52.413333892822266,"_lineIndex":1,"_lineLayer":0,"_type":0,"_cutDirection":0},{"_time":52.913333892822266,"_lineIndex":2,"_lineLayer":0,"_type":1,"_cutDirection":1},{"_time":53.413333892822266,"_lineIndex":1,"_lineLayer":0,"_type":0,"_cutDirection":1},{"_time":53.913333892822266,"_lineIndex":2,"_lineLayer":0,"_type":1,"_cutDirection":0},{"_time":54.413333892822266,"_lineIndex":0,"_lineLayer":0,"_type":0,"_cutDirection":0},{"_time":54.413333892822266,"_lineIndex":1,"_lineLayer":0,"_type":1,"_cutDirection":1},{"_time":55.163333892822266,"_lineIndex":1,"_lineLayer":2,"_type":0,"_cutDirection":0},{"_time":55.163333892822266,"_lineIndex":2,"_lineLayer":2,"_type":1,"_cutDirection":0},{"_time":55.913333892822266,"_lineIndex":1,"_lineLayer":0,"_type":0,"_cutDirection":1},{"_time":55.913333892822266,"_lineIndex":2,"_lineLayer":0,"_type":1,"_cutDirection":1},{"_time":56.413333892822266,"_lineIndex":0,"_lineLayer":1,"_type":0,"_cutDirection":2},{"_time":56.413333892822266,"_lineIndex":3,"_lineLayer":1,"_type":1,"_cutDirection":3},{"_time":57.413333892822266,"_lineIndex":0,"_lineLayer":2,"_type":0,"_cutDirection":8},{"_time":58.413333892822266,"_lineIndex":2,"_lineLayer":0,"_type":1,"_cutDirection":3},{"_time":58.413333892822266,"_lineIndex":3,"_lineLayer":0,"_type":1,"_cutDirection":3},{"_time":59.913333892822266,"_lineIndex":1,"_lineLayer":0,"_type":0,"_cutDirection":6},{"_time":60.413333892822266,"_lineIndex":3,"_lineLayer":2,"_type":1,"_cutDirection":5},{"_time":60.913333892822266,"_lineIndex":2,"_lineLayer":0,"_type":1,"_cutDirection":1},{"_time":61.413333892822266,"_lineIndex":1,"_lineLayer":2,"_type":0,"_cutDirection":0},{"_time":61.913333892822266,"_lineIndex":0,"_lineLayer":0,"_type":0,"_cutDirection":1},{"_time":62.413333892822266,"_lineIndex":3,"_lineLayer":2,"_type":1,"_cutDirection":8},{"_time":63.163333892822266,"_lineIndex":2,"_lineLayer":2,"_type":0,"_cutDirection":8},{"_time":63.913333892822266,"_lineIndex":3,"_lineLayer":2,"_type":1,"_cutDirection":8},{"_time":64.413330078125,"_lineIndex":3,"_lineLayer":0,"_type":1,"_cutDirection":1},{"_time":65.413330078125,"_lineIndex":1,"_lineLayer":2,"_type":0,"_cutDirection":8},{"_time":66.413330078125,"_lineIndex":1,"_lineLayer":0,"_type":0,"_cutDirection":1},{"_time":66.413330078125,"_lineIndex":2,"_lineLayer":0,"_type":1,"_cutDirection":0},{"_time":67.413330078125,"_lineIndex":3,"_lineLayer":2,"_type":1,"_cutDirection":8},{"_time":67.913330078125,"_lineIndex":1,"_lineLayer":0,"_type":0,"_cutDirection":0},{"_time":67.913330078125,"_lineIndex":2,"_lineLayer":0,"_type":1,"_cutDirection":1},{"_time":68.663330078125,"_lineIndex":1,"_lineLayer":0,"_type":0,"_cutDirection":1},{"_time":68.663330078125,"_lineIndex":2,"_lineLayer":0,"_type":1,"_cutDirection":0}],"_obstacles":[],"_time":50,"_BPMChanges":[],"_bookmarks":[]}