{"songName":"Infinity (Dubdogz & Bhaskar Remake)","songSubName":"Infinity Ink","authorName":"ErgMongrel","contributors":[],"beatsPerMinute":124,"previewStartTime":225,"previewDuration":10,"coverImagePath":"infinityink.jpg","environmentName":"DefaultEnvironment","oneSaber":false,"customEnvironment":"","customEnvironmentHash":"","difficultyLevels":[{"difficulty":"Expert","difficultyRank":4,"audioPath":"infinityink.ogg","jsonPath":"Expert.json","offset":200,"oldOffset":200,"chromaToggle":"Off","customColors":false,"characteristic":"Standard","difficultyLabel":""}]}